"Chocolate Truffles ","","","",""
"Honey","","","",""
"Pancake & Waffle Mix","Gift Set","","",""
"Honey","","","",""
"Honey & Syrup","","","",""
"Ketchup","","","",""
"Ketchup","","","",""
"Honey","","","",""
"Chocolate Truffles ","","","",""
"Gift Set","","","",""
"Pancake & Waffle Mix","","","",""
"Maple Sugar ","Honey & Syrup","Pancake & Waffle Mix","",""
"Honey & Syrup","","","",""
"Chocolate Truffles ","Honey","","",""
"Honey","Chocolate Truffles ","","",""
"Chocolate Truffles ","Honey","","",""
"Chocolate Truffles ","Honey","","",""
"Honey","Honey","","",""
"Chocolate Truffles ","Chocolate Truffles ","","",""
"Chocolate Truffles ","","","",""
"Chocolate Truffles ","","","",""
"Ketchup","Honey","Honey","Maple Syrup",""
"Chocolate Truffles ","Chocolate Truffles ","","",""
"Chocolate Truffles ","","","",""
"Honey","","","",""
"Honey","","","",""
"Pancake & Waffle Mix","","","",""
"Pancake & Waffle Mix","","","",""
"Honey","","","",""
"Honey","","","",""
"Honey","","","",""
"Honey","Honey","","",""
"Honey","","","",""
"Cocktail Rimmers ","","","",""
"Ketchup","","","",""
"Chocolate Truffles ","","","",""
"Chocolate Truffles ","","","",""
"Chocolate Truffles ","","","",""
"Pancake & Waffle Mix","","","",""
"Chocolate Truffles ","","","",""
"Honey & Syrup","","","",""
"Gift Set","Pancake & Waffle Mix","Honey","Honey ",""
"Gift Set","","","",""
"Ketchup","","","",""
"Syrup","Honey","Honey","Honey Wand","Honey"
"Honey & Syrup","Chocolate Truffles ","Chocolate Truffles ","",""
"Chocolate Truffles ","","","",""
"Gift Set","","","",""
"Gift Set","","","",""
"Gift Set","","","",""
"Honey & Syrup","Pancake & Waffle Mix","","",""
"Ketchup","Honey","Honey","",""
"Honey","Honey","","",""
"Honey","","","",""
"Ketchup","Maple Sugar ","Maple Sugar ","Maple Syrup",""
"Chocolate Truffles ","","","",""
"Gift Set","","","",""
"Gift Set","","","",""
"Gift Set","","","",""
"Gift Set","","","",""
"Honey & Syrup","","","",""
"Honey & Syrup","","","",""
"Chocolate Truffles ","Chocolate Truffles ","","",""
"Gift Set","","","",""
"Gift Set","","","",""
"Honey & Syrup","","","",""
"Honey & Syrup","","","",""
"Gift Set","","","",""
"Pancake & Waffle Mix","Chocolate Truffles ","","",""
"Cocktail Rimmers ","","","",""
"Cocktail Rimmers ","","","",""
"Honey & Syrup","","","",""
"Honey & Syrup","","","",""
"Honey & Syrup","","","",""
"Honey & Syrup","","","",""
"Honey","Gift Set","Chocolate Truffles ","",""
"Chocolate Truffles ","","","",""
"Gift Set","","","",""
"Gift Set","","","",""
"Chocolate Truffles ","","","",""
"Chocolate Truffles ","Chocolate Truffles ","","",""
"Ketchup","","","",""
"Honey","Honey","","",""
"Syrup","","","",""
"Honey & Syrup","Honey","Honey","Honey Wand",""
"Syrup","","","",""
"Honey","","","",""
"Pancake & Waffle Mix","","","",""
"Pancake & Waffle Mix","","","",""
"Honey & Syrup","","","",""
"Honey","","","",""
"Syrup","","","",""
"Pancake & Waffle Mix","","","",""
"Chocolate Truffles ","","","",""
"Case of Honey","","","",""
"Ketchup","Maple Syrup","","",""
"Honey","","","",""
"Honey","","","",""
"Honey","Chocolate Truffles ","Ketchup","Gift Set","Cocktail Rimmers "
"Honey","Chocolate Truffles ","Ketchup","Gift Set","Cocktail Rimmers "
"Chocolate Truffles ","","","",""
"Chocolate Truffles ","Chocolate Truffles ","","",""
"Syrup","","","",""
"Chocolate Truffles ","","","",""
"Honey","","","",""
"Honey","","","",""
"Gift Set","","","",""
"Gift Set","","","",""
"Gift Set","","","",""
"Gift Set","","","",""
"Honey","","","",""
"Chocolate Truffles ","","","",""
"Honey","","","",""
"Marinating Solutions ","","","",""
"Honey","","","",""
"Ketchup","","","",""
"Honey","Honey","","",""
"Marinating Solutions ","","","",""
"Chocolate Truffles ","","","",""
"Honey","Maple Syrup","Ketchup","",""
"Honey","","","",""
"Pancake & Waffle Mix","","","",""
"Honey","Honey","","",""
"Ketchup","","","",""
"Syrup","Pancake & Waffle Mix","","",""
"Marinating Solutions ","Gift Set","","",""
"Gift Set","Marinating Solutions ","Chocolate Truffles ","",""
"Honey","","","",""
"Honey","","","",""
"Honey","","","",""
"Honey","","","",""
"Honey","","","",""
"Honey","","","",""
"Marinating Solutions ","Honey","Honey","",""
"Syrup","Marinating Solutions ","Ketchup","",""
"Chocolate Truffles ","Honey","","",""
"Honey","Honey","","",""
"Honey","","","",""
"Honey","","","",""
"Ketchup","","","",""
"Ketchup","","","",""
"Syrup","Ketchup","","",""
"Pancake & Waffle Mix","","","",""
"Ketchup","","","",""
"Marinating Solutions ","","","",""
"Marinating Solutions ","","","",""
"Gift Set","","","",""
"Honey","Honey","","",""
"Pancake & Waffle Mix","","","",""
"Honey","","","",""
"Pancake & Waffle Mix","","","",""
"Pancake & Waffle Mix","","","",""
"Ketchup","","","",""
"Pancake & Waffle Mix","","","",""
"Honey","","","",""
"Honey","","","",""
"Honey","","","",""
"Chocolate Truffles ","Chocolate Truffles ","","",""
"Honey","Marinating Solutions ","","",""
"Ketchup","Marinating Solutions ","","",""
"Honey","","","",""
"Honey","","","",""
"Honey","","","",""
"Honey","","","",""
"Honey","","","",""
"Honey","","","",""
"Honey","","","",""
"Honey","","","",""
"Chocolate Truffles ","","","",""
"Pancake & Waffle Mix","","","",""
"Pancake & Waffle Mix","","","",""
"Honey","","","",""
"Honey","","","",""
"Honey","","","",""
"Honey","Gift Set","","",""
"Syrup","","","",""
"Honey","Honey","","",""
"Chocolate Truffles ","","","",""
"","","","",""
"Honey","","","",""
"Gift Set","","","",""
"Honey","","","",""
"Honey","Chocolate Truffles ","","",""
"Chocolate Truffles ","Marinating Solutions ","Pancake & Waffle Mix","Ketchup","Marinating Solutions "
"Chocolate Truffles ","","","",""
"Honey","","","",""
"Chocolate Truffles ","","","",""
"Honey","Marinating Solutions ","","",""
"Pancake & Waffle Mix","","","",""
"Pancake & Waffle Mix","","","",""
"Chocolate Truffles ","Chocolate Truffles ","","",""
"Chocolate Truffles ","Chocolate Truffles ","","",""
"Honey","Maple Syrup","","",""
"Pancake & Waffle Mix","","","",""
"Marinating Solutions ","Gift Set","","",""
"Pancake & Waffle Mix","","","",""
"Marinating Solutions ","Gift Set","","",""
"","","","",""
"Marinating Solutions ","Gift Set","","",""
"Chocolate Truffles ","","","",""
"Chocolate Truffles ","","","",""
"Chocolate Truffles ","Maple Sugar ","Honey","",""
"Chocolate Truffles ","Chocolate Truffles ","","",""
"Gift Set","","","",""
"Pancake & Waffle Mix","","","",""
"Chocolate Truffles ","","","",""
"Honey","Chocolate Truffles ","Maple Sugar ","",""
"Honey","Chocolate Truffles ","Maple Sugar ","",""
"Case of Honey","Chocolate Truffles ","","",""
"Pancake & Waffle Mix","","","",""
"Honey","","","",""
"Chocolate Truffles ","","","",""
"Gift Set","","","",""
"Gift Set","","","",""
"Gift Set","","","",""
"Gift Set","","","",""
"Honey","","","",""
"Pancake & Waffle Mix","","","",""
"Pancake & Waffle Mix","","","",""
"Gift Set","","","",""
"Chocolate Truffles ","","","",""
"Chocolate Truffles ","","","",""
"Cocktail Rimmers ","Chocolate Truffles ","","",""
"Chocolate Truffles ","","","",""
"Marinating Solutions ","","","",""
"Gift Set","","","",""
"Gift Set","Marinating Solutions ","","",""
"Gift Set","","","",""
"Gift Set","","","",""
"Ketchup","Honey & Syrup","","",""
"Gift Set","","","",""
"Gift Set","","","",""
"Gift Set","","","",""
"Honey","Honey Wand","Honey & Syrup","Honey ",""
"Gift Set","","","",""
"Gift Set","","","",""
"Honey","","","",""
"Gift Set","","","",""
"Gift Set","","","",""
"Ketchup","","","",""
"Gift Set","","","",""
"Gift Set","","","",""
"Gift Set","","","",""
"Chocolate Truffles ","Chocolate Truffles ","","",""
"Ketchup","","","",""
"Chocolate Truffles ","","","",""
"Gift Set","Honey","Honey","",""
"Marinating Solutions ","Chocolate Truffles ","","",""
"Chocolate Truffles ","Gift Set","","",""
"Chocolate Truffles ","Chocolate Truffles ","","",""
"Chocolate Truffles ","Chocolate Truffles ","","",""
"Honey","Honey","","",""
"Honey & Syrup","Pancake & Waffle Mix","","",""
"Cocktail Rimmers ","Marinating Solutions ","Chocolate Truffles ","",""
"Gift Set","","","",""
"Gift Set","","","",""
"Honey","","","",""
"Chocolate Truffles ","","","",""
"Ketchup","","","",""
"Pancake & Waffle Mix","","","",""
"Honey","","","",""
"Ketchup","","","",""
"Chocolate Truffles ","Chocolate Truffles ","","",""
"Marinating Solutions ","","","",""
"Gift Set","Ketchup","","",""
"Gift Set","Chocolate Truffles ","","",""
"Marinating Solutions ","Honey Wand","Chocolate Truffles ","Chocolate Truffles",""
"Honey","","","",""
"Honey & Syrup","","","",""
"Chocolate Truffles ","Ketchup","","",""
"Chocolate Truffles ","Ketchup","","",""
"Chocolate Truffles ","Ketchup","","",""
"Chocolate Truffles ","Ketchup","","",""
"Syrup","Marinating Solutions ","Maple Sugar ","",""
"Syrup","","","",""
"Ketchup","Honey & Syrup","","",""
"Ketchup","Maple Sugar ","","",""
"Syrup","","","",""
"Honey","","","",""
"Honey","Honey","","",""
"Honey","","","",""
"Honey","","","",""
"Honey","","","",""
"Honey","","","",""
"Syrup","","","",""
"Honey","","","",""
"Pancake & Waffle Mix","","","",""
"Chocolate Truffles ","","","",""
"Honey","","","",""
"Honey","Honey","Honey Wand","Ketchup",""
"Honey","Honey","Maple Syrup","",""
"Honey","","","",""
"Honey & Syrup","Pancake & Waffle Mix","","",""
"Honey","","","",""
"Gift Set","","","",""
"Honey & Syrup","","","",""
"Gift Set","","","",""
"Gift Set","","","",""
"Gift Set","","","",""
"Ketchup","","","",""
"Marinating Solutions ","Pancake & Waffle Mix","","",""
"Chocolate Truffles ","Honey","Honey","",""
"Honey","Honey","Chocolate Truffles ","",""
"Marinating Solutions ","","","",""
"Marinating Solutions ","","","",""
"Marinating Solutions ","","","",""
"Marinating Solutions ","","","",""
"Pancake & Waffle Mix","","","",""
"Honey","Honey","","",""
"Marinating Solutions ","","","",""
"Honey & Syrup","","","",""
"Marinating Solutions ","Marinating Solutions ","Maple Sugar ","",""
"Marinating Solutions ","Marinating Solutions ","Maple Sugar ","",""
"Ketchup","","","",""
"Honey Wand","","","",""
"Honey","Honey","","",""
"Syrup","Honey","Honey","",""
"Honey","Honey","Maple Syrup","",""
"Honey","Honey","Maple Syrup","",""
"Gift Set","","","",""
"Gift Set","","","",""
"Chocolate Truffles ","","","",""
"Marinating Solutions ","","","",""
"Gift Set","","","",""
"Gift Set","","","",""
"Honey","","","",""
"Gift Set","","","",""
"Gift Set","","","",""
"Ketchup","","","",""
"Gift Set","","","",""
"Gift Set","","","",""
"Gift Set","","","",""
"Syrup","","","",""
"Pancake & Waffle Mix","","","",""
"Honey","Honey","","",""
"Honey & Syrup","","","",""
"Honey & Syrup","","","",""
"Gift Set","Gift Set","","",""
"Marinating Solutions ","","","",""
"Chocolate Truffles ","","","",""
"Gift Set","Chocolate Truffles ","","",""
"Honey","","","",""
"Pancake & Waffle Mix","","","",""
"Pancake & Waffle Mix","","","",""
"Pancake & Waffle Mix","Honey","","",""
"Honey","Honey","","",""
"Pancake & Waffle Mix","","","",""
"Pancake & Waffle Mix","","","",""
"Pancake & Waffle Mix","","","",""
"Honey","Ketchup","","",""
"Chocolate Truffles ","Chocolate Truffles ","Honey","Honey ",""
"Honey & Syrup","Pancake & Waffle Mix","","",""
"Marinating Solutions ","Ketchup","","",""
"Honey & Syrup","","","",""
"Honey & Syrup","","","",""
"Honey","Honey","","",""
"Honey","Honey","","",""
"Honey","Honey","","",""
"Marinating Solutions ","Ketchup","Honey","Honey Wand","Maple Syrup"
"Gift Set","Honey","","",""
"Honey","","","",""
"Honey & Syrup","","","",""
"Syrup","","","",""
"Marinating Solutions ","","","",""
"Chocolate Truffles ","Chocolate Truffles ","Honey","Honey ",""
"Chocolate Truffles ","","","",""
"Marinating Solutions ","Maple Syrup","Marinating Solutions ","",""
"Honey","","","",""
"Honey","","","",""
"Chocolate Truffles ","","","",""
"Pancake & Waffle Mix","","","",""
"Gift Set","","","",""
"Honey","Honey","Honey Wand","",""
"Honey","Honey","Honey Wand","",""
"Honey","Honey","Honey Wand","",""
"Honey","Honey","Honey Wand","",""
"Honey","Honey","","",""
"Honey","","","",""
"Honey","","","",""
"Gift Set","","","",""
"Honey & Syrup","","","",""
"Maple Sugar","Chocolate Truffles ","Chocolate Truffles ","Pancake & Waffle Mix",""
"Pancake & Waffle Mix","Chocolate Truffles ","","",""
"Ketchup","Honey","Maple Syrup","",""
"Honey & Syrup","Pancake & Waffle Mix","","",""
"Honey","Honey","","",""
"Honey","Honey","","",""
"Honey","Honey","","",""
"Honey","Honey","","",""
"Honey","Honey","","",""
"Ketchup","Pancake & Waffle Mix","Chocolate Truffles ","Marinating Solutions",""
"Marinating Solutions ","Chocolate Truffles ","Chocolate Truffles ","",""
"Honey & Syrup","Chocolate Truffles ","Chocolate Truffles ","Pancake & Waffle Mix","Ketchup"
"Honey","","","",""
"Chocolate Truffles ","","","",""
"Honey","","","",""
"Chocolate Truffles ","Chocolate Truffles ","","",""
"Pancake & Waffle Mix","","","",""
"Chocolate Truffles ","","","",""
"Syrup","","","",""
"Honey","","","",""
"Chocolate Truffles ","Honey","","",""
"Honey","","","",""
"Honey & Syrup","","","",""
"Gift Set","","","",""
"Pancake & Waffle Mix","","","",""
"","","","",""
"Honey","Honey","","",""
"Honey","Honey","","",""
"Pancake & Waffle Mix","","","",""
"Ketchup","","","",""
"Ketchup","","","",""
"Honey","","","",""
"Chocolate Truffles ","","","",""
"Chocolate Truffles ","","","",""
"Gift Set","Maple Syrup","","",""
"Honey & Syrup","","","",""
"Honey","Marinating Solutions ","Marinating Solutions ","",""
"Gift Set","Chocolate Truffles ","","",""
"Chocolate Truffles ","Chocolate Truffles ","","",""
"Chocolate Truffles ","","","",""
"Gift Set","Chocolate Truffles ","","",""
"Chocolate Truffles ","","","",""
"Chocolate Truffles ","","","",""
"Gift Set","","","",""
"Marinating Solutions ","Chocolate Truffles ","","",""
"Honey","Honey","","",""
"Honey & Syrup","Chocolate Truffles ","","",""
"Honey","","","",""
"Ketchup","","","",""
"Chocolate Truffles ","Chocolate Truffles ","","",""
"Chocolate Truffles ","","","",""
"Chocolate Truffles ","Honey","Ketchup","",""
"Case of Honey","","","",""
"Pancake & Waffle Mix","","","",""
"Pancake & Waffle Mix","Marinating Solutions ","Marinating Solutions ","Gift Set",""
"Honey","","","",""
"Honey","","","",""
"Ketchup","","","",""
"Pancake & Waffle Mix","Maple Syrup","Honey","",""
"Chocolate Truffles ","Honey","","",""
"Chocolate Truffles ","","","",""
"Syrup","","","",""
"Ketchup","","","",""
"Honey","Honey","","",""
"Honey","Honey","Honey Wand","",""
"Honey","","","",""
"Honey","","","",""
"Syrup","Honey","","",""
"Honey","Maple Syrup","","",""
"Honey & Syrup","","","",""
"Honey","Honey","","",""
"Honey","Honey","","",""
"Gift Set","","","",""
"Case of Honey","Gift Set","","",""
"Honey & Syrup","","","",""
"Syrup","","","",""
"Gift Set","Honey","Honey","",""
"Honey","Honey","","",""
"Gift Set","","","",""
"Honey","","","",""
"Honey","Honey","Honey Wand","",""
"Ketchup","Marinating Solutions ","","",""
"Raw Honey Comb ","","","",""
"Syrup","","","",""
"Syrup","","","",""
"Honey","","","",""
"Honey & Syrup","","","",""
"Honey & Syrup","","","",""
"Chocolate Truffles ","","","",""
"Gift Set","","","",""
"Honey","","","",""
"Chocolate Truffles ","","","",""
"Gift Set","Cocktail Rimmers","","",""
"Gift Set","","","",""
"Honey","","","",""
"Cocktail Rimmers ","","","",""
"Gift Set","","","",""
"Honey & Syrup","","","",""
"Gift Set","","","",""
"Honey","Honey","","",""
"Honey","Ketchup","","",""
"Syrup","","","",""
"Pancake & Waffle Mix","Gift Set","","",""
"Ketchup","","","",""
"Pancake & Waffle Mix","Maple Syrup","Cocktail Rimmers","Honey ",""
"Gift Set","","","",""
"Marinating Solutions ","","","",""
"Chocolate Truffles ","Honey","","",""
"Chocolate Truffles ","Honey","","",""
"Cocktail Rimmers ","Ketchup","Marinating Solutions ","",""
"Honey","Honey","","",""
"Honey","Honey","","",""
"Gift Set","","","",""
"Gift Set","","","",""
"Honey","","","",""
"Marinating Solutions ","Honey","Honey","",""
"Chocolate Truffles ","","","",""
"Honey","","","",""
"Honey","","","",""
"Honey","","","",""
"Syrup","","","",""
"Case of Honey","","","",""
"Pancake & Waffle Mix","Gift Set","","",""
"Cocktail Rimmers ","","","",""
